{"stat.pickup.immersiveengineering.ore":8,"stat.pickup.minecraft.bone":2,"stat.mineBlock.tconstruct.seared_tank":8,"stat.useItem.harvestcraft.garlicitem":1,"stat.leaveGame":1,"stat.mineBlock.minecraft.cobblestone":15,"stat.pickup.minecraft.flint":39,"stat.mineBlock.minecraft.yellow_flower":3,"stat.craftItem.tconstruct.faucet":4,"stat.mineBlock.appliedenergistics2.quartz_ore":2,"stat.swimOneCm":10512,"stat.pickup.tconstruct.faucet":2,"stat.pickup.harvestcraft.artichokeitem":21,"stat.mineBlock.immersiveengineering.ore":8,"stat.useItem.harvestcraft.strawberryitem":1,"stat.pickup.minecraft.porkchop":7,"stat.useItem.thermalfoundation.ore":1,"stat.useItem.minecraft.dirt":98,"stat.useItem.minecraft.stone_slab2":14,"stat.useItem.harvestcraft.barleyitem":7,"stat.useItem.minecraft.water_bucket":15,"stat.pickup.minecraft.rotten_flesh":4,"stat.pickup.minecraft.sand":168,"stat.craftItem.minecraft.furnace":1,"stat.craftItem.minecraft.dark_oak_fence":132,"stat.pickup.thermalfoundation.ore":113,"stat.pickup.minecraft.hardened_clay":1,"stat.craftItem.minecraft.stone_pickaxe":10,"stat.craftItem.minecraft.cooked_beef":38,"stat.pickup.minecraft.cobblestone":3184,"stat.craftItem.tconstruct.casting":4,"stat.useItem.minecraft.stone_shovel":409,"stat.craftItem.minecraft.stone_sword":1,"stat.flyOneCm":10798,"stat.pickup.appliedenergistics2.material":2,"stat.mineBlock.minecraft.sand":62,"stat.killEntity.Witch":1,"stat.useItem.harvestcraft.whitemushroomitem":5,"stat.useItem.minecraft.cooked_beef":16,"stat.pickup.harvestcraft.scallionitem":1,"stat.pickup.minecraft.redstone":470,"stat.mineBlock.minecraft.iron_ore":67,"stat.timeSinceDeath":51695,"stat.useItem.harvestcraft.peanutitem":3,"stat.pickup.minecraft.mutton":44,"stat.craftItem.minecraft.bed":3,"stat.pickup.harvestcraft.whitemushroomitem":24,"stat.pickup.harvestcraft.beanitem":1,"stat.pickup.harvestcraft.onionitem":19,"stat.useItem.minecraft.potato":6,"stat.useItem.harvestcraft.cornitem":5,"stat.craftItem.tconstruct.seared":24,"stat.pickup.thermalfoundation.material":19,"stat.mineBlock.thermalfoundation.ore":117,"stat.pickup.minecraft.wooden_shovel":1,"stat.furnaceInteraction":85,"stat.pickup.mekanism.salt":32,"stat.pickup.harvestcraft.cornitem":15,"stat.mineBlock.minecraft.coal_ore":239,"stat.killEntity.Creeper":1,"stat.craftItem.minecraft.stone_hoe":3,"stat.pickup.minecraft.wooden_sword":1,"stat.pickup.harvestcraft.turnipitem":18,"stat.pickup.tconstruct.smeltery_controller":1,"stat.pickup.minecraft.beef":39,"stat.useItem.minecraft.cooked_mutton":9,"stat.pickup.harvestcraft.brusselsproutitem":8,"stat.mineBlock.harvestcraft.windygarden":12,"stat.craftItem.minecraft.stone_slab2":0,"stat.useItem.harvestcraft.cucumberitem":4,"stat.craftItem.tconstruct.tooltables":6,"stat.sprintOneCm":35720,"stat.useItem.minecraft.stone_stairs":110,"stat.craftItem.minecraft.stick":180,"stat.mineBlock.mekanism.oreblock":65,"stat.useItem.harvestcraft.blackberryitem":1,"stat.useItem.harvestcraft.cottonitem":6,"stat.useItem.minecraft.bed":3,"stat.pickup.minecraft.stone_stairs":6,"stat.pickup.harvestcraft.barleyitem":31,"stat.useItem.minecraft.wheat_seeds":70,"stat.useItem.tconstruct.casting":5,"stat.mineBlock.minecraft.crafting_table":2,"stat.useItem.minecraft.carrot":15,"stat.useItem.harvestcraft.turnipitem":4,"stat.useItem.harvestcraft.waterchestnutitem":3,"stat.entityKilledBy.Creeper":1,"stat.useItem.tconstruct.seared_tank":12,"stat.pickup.minecraft.sugar":1,"stat.pickup.harvestcraft.mustardseedsitem":39,"stat.deaths":1,"stat.useItem.tconstruct.smeltery_io":5,"stat.playOneMinute":205561,"stat.useItem.minecraft.wooden_sword":147,"stat.killEntity.Sheep":17,"stat.mineBlock.mysticalagriculture.prosperity_ore":32,"stat.useItem.tconstruct.seared":51,"stat.killEntity.Zombie":1,"stat.mineBlock.minecraft.gold_ore":28,"stat.mineBlock.minecraft.tallgrass":188,"stat.diveOneCm":2216,"stat.pickup.harvestcraft.garlicitem":6,"stat.pickup.minecraft.wheat":54,"stat.pickup.harvestcraft.cottonitem":38,"stat.pickup.tconstruct.seared":4,"stat.chestOpened":187,"stat.pickup.tconstruct.tooltables":3,"stat.mineBlock.minecraft.dark_oak_fence":5,"stat.useItem.minecraft.stone":41,"stat.pickup.minecraft.gravel":121,"stat.pickup.minecraft.arrow":3,"stat.craftItem.minecraft.cooked_porkchop":6,"stat.pickup.harvestcraft.waterchestnutitem":12,"stat.mineBlock.tconstruct.smeltery_controller":1,"stat.mineBlock.mysticalagriculture.inferium_ore":35,"stat.craftItem.minecraft.coal":21,"stat.pickup.harvestcraft.chilipepperitem":23,"stat.mineBlock.tconstruct.faucet":2,"stat.pickup.harvestcraft.blackberryitem":7,"stat.jump":863,"stat.pickup.minecraft.coal":235,"stat.fallOneCm":5113,"stat.useItem.tconstruct.tooltables":8,"stat.pickup.randomthings.beans":3,"stat.pickup.tconstruct.seared_tank":8,"stat.pickup.minecraft.carrot":17,"stat.pickup.minecraft.gunpowder":1,"stat.crouchOneCm":4993,"stat.useItem.harvestcraft.chilipepperitem":7,"stat.mineBlock.harvestcraft.shadedgarden":4,"stat.pickup.harvestcraft.peanutitem":12,"stat.craftItem.minecraft.torch":92,"stat.craftItem.minecraft.iron_ingot":3,"stat.craftItem.minecraft.chest":3,"stat.pickup.minecraft.dirt":342,"stat.useItem.mekanism.oreblock":1,"stat.craftingTableInteraction":66,"stat.pickup.minecraft.iron_ore":67,"stat.useItem.minecraft.glass":1,"stat.pickup.minecraft.gold_ore":26,"stat.mineBlock.minecraft.lapis_ore":14,"stat.useItem.harvestcraft.brusselsproutitem":1,"stat.mineBlock.tconstruct.tooltables":3,"stat.craftItem.tconstruct.pattern":28,"stat.pickup.minecraft.wooden_pickaxe":1,"stat.mineBlock.minecraft.stone_stairs":6,"stat.pickup.minecraft.leather":15,"stat.pickup.minecraft.feather":9,"stat.useItem.minecraft.dark_oak_fence":119,"stat.mineBlock.minecraft.torch":8,"stat.mineBlock.minecraft.furnace":2,"stat.pickup.minecraft.dark_oak_fence":5,"stat.useItem.minecraft.furnace":1,"stat.craftItem.tconstruct.materials":173,"stat.craftItem.minecraft.wooden_sword":2,"stat.pickup.minecraft.log2":239,"stat.useItem.harvestcraft.mustardseedsitem":10,"stat.pickup.mysticalagriculture.crafting":135,"stat.pickup.minecraft.dye":87,"stat.pickup.minecraft.planks":12,"stat.useItem.harvestcraft.lettuceitem":5,"stat.pickup.minecraft.reeds":13,"stat.pickup.minecraft.wheat_seeds":79,"stat.craftItem.minecraft.dark_oak_fence_gate":2,"stat.pickup.minecraft.potato":6,"stat.mineBlock.minecraft.gravel":39,"stat.useItem.minecraft.stone_pickaxe":1311,"stat.craftItem.tconstruct.seared_tank":4,"stat.mineBlock.minecraft.glass":1,"stat.useItem.minecraft.stone_sword":26,"stat.damageDealt":4805,"stat.craftItem.minecraft.glass":60,"stat.sleepInBed":9,"stat.pickup.harvestcraft.lettuceitem":19,"stat.killEntity.Cow":18,"stat.useItem.minecraft.crafting_table":1,"stat.mineBlock.minecraft.dirt":321,"stat.killEntity.Pig":3,"stat.useItem.harvestcraft.onionitem":4,"stat.craftItem.minecraft.stone_shovel":3,"stat.walkOneCm":895449,"stat.pickup.tconstruct.pattern":19,"stat.pickup.immersiveengineering.seed":11,"stat.useItem.minecraft.torch":115,"stat.craftItem.tconstruct.smeltery_io":4,"stat.mineBlock.mekanism.saltblock":8,"stat.useItem.minecraft.chest":2,"stat.useItem.harvestcraft.spiceleafitem":4,"stat.craftItem.minecraft.stone_stairs":128,"stat.pickup.minecraft.crafting_table":3,"stat.pickup.minecraft.clay_ball":256,"stat.pickup.mekanism.oreblock":65,"stat.useItem.minecraft.cobblestone":215,"stat.craftItem.minecraft.crafting_table":1,"stat.useItem.minecraft.dark_oak_fence_gate":2,"stat.useItem.minecraft.gravel":7,"stat.mineBlock.minecraft.double_plant":46,"stat.useItem.minecraft.lava_bucket":2,"stat.useItem.tconstruct.faucet":7,"stat.useItem.tconstruct.pickaxe":1944,"stat.pickup.harvestcraft.spiceleafitem":18,"stat.pickup.minecraft.stone":300,"stat.pickup.minecraft.chicken":22,"stat.pickup.minecraft.sapling":21,"stat.pickup.minecraft.apple":6,"stat.mineBlock.thermalfoundation.ore_fluid":19,"stat.pickup.harvestcraft.parsnipitem":17,"stat.craftItem.minecraft.bucket":1,"stat.craftItem.minecraft.planks":560,"stat.useItem.harvestcraft.parsnipitem":4,"stat.killEntity.Chicken":11,"stat.useItem.harvestcraft.artichokeitem":5,"stat.pickup.harvestcraft.cucumberitem":13,"stat.pickup.harvestcraft.strawberryitem":5,"stat.mobKills":52,"stat.craftItem.minecraft.cooked_chicken":10,"stat.useItem.minecraft.stone_hoe":328,"stat.pickup.minecraft.torch":11,"stat.mineBlock.tconstruct.seared":4,"stat.mineBlock.minecraft.redstone_ore":104,"stat.sneakTime":2413,"stat.pickup.minecraft.wool":17,"stat.mineBlock.harvestcraft.soggygarden":1,"stat.pickup.minecraft.yellow_flower":3,"stat.mineBlock.minecraft.stone":2595,"stat.useItem.tconstruct.smeltery_controller":2}