{"stat.leaveGame":2,"stat.mineBlock.minecraft.cobblestone":2,"stat.pickup.minecraft.flint":34,"stat.craftItem.tconstruct.faucet":1,"stat.swimOneCm":14893,"stat.climbOneCm":1187,"stat.pickup.minecraft.porkchop":7,"stat.useItem.minecraft.stone_slab2":8,"stat.pickup.minecraft.sand":236,"stat.craftItem.minecraft.furnace":6,"stat.pickup.thermalfoundation.ore":17,"stat.craftItem.minecraft.stone_pickaxe":5,"stat.pickup.minecraft.cobblestone":320,"stat.craftItem.tconstruct.casting":1,"stat.mineBlock.minecraft.clay":103,"stat.useItem.minecraft.stone_shovel":524,"stat.flyOneCm":177321,"stat.mineBlock.minecraft.sand":180,"stat.mineBlock.minecraft.iron_ore":29,"stat.timeSinceDeath":55350,"stat.craftItem.minecraft.wooden_pickaxe":1,"stat.pickup.harvestcraft.whitemushroomitem":1,"stat.craftItem.tconstruct.seared":20,"stat.mineBlock.thermalfoundation.ore":16,"stat.furnaceInteraction":47,"stat.craftItem.tconstruct.soil":344,"stat.pickup.harvestcraft.turnipitem":1,"stat.pickup.minecraft.beef":39,"stat.pickup.minecraft.furnace":3,"stat.craftItem.minecraft.stone_slab2":0,"stat.sprintOneCm":16734,"stat.useItem.minecraft.stone_stairs":16,"stat.craftItem.minecraft.stick":24,"stat.mineBlock.mekanism.oreblock":4,"stat.mineBlock.minecraft.crafting_table":1,"stat.pickup.projecte.interdiction_torch":1,"stat.useItem.minecraft.wooden_shovel":19,"stat.pickup.harvestcraft.mustardseedsitem":4,"stat.playOneMinute":55350,"stat.craftItem.minecraft.wooden_shovel":1,"stat.craftItem.minecraft.clay":96,"stat.mineBlock.minecraft.tallgrass":23,"stat.craftItem.minecraft.cooked_mutton":21,"stat.diveOneCm":48768,"stat.pickup.harvestcraft.garlicitem":1,"stat.chestOpened":80,"stat.pickup.tconstruct.tooltables":5,"stat.useItem.minecraft.stone":194,"stat.pickup.minecraft.gravel":488,"stat.useItem.projecte.interdiction_torch":2,"stat.craftItem.minecraft.coal":7,"stat.jump":237,"stat.pickup.minecraft.coal":7,"stat.fallOneCm":1581,"stat.pickup.minecraft.carrot":2,"stat.crouchOneCm":3059,"stat.mineBlock.minecraft.chest":2,"stat.craftItem.minecraft.chest":8,"stat.craftItem.minecraft.torch":20,"stat.craftItem.minecraft.iron_ingot":26,"stat.pickup.minecraft.dirt":170,"stat.pickup.minecraft.iron_ore":47,"stat.craftingTableInteraction":17,"stat.mineBlock.tconstruct.tooltables":5,"stat.mineBlock.minecraft.leaves2":306,"stat.mineBlock.minecraft.log2":355,"stat.pickup.minecraft.leather":15,"stat.pickup.minecraft.feather":9,"stat.mineBlock.minecraft.torch":3,"stat.mineBlock.minecraft.furnace":1,"stat.useItem.minecraft.wooden_pickaxe":18,"stat.useItem.minecraft.furnace":9,"stat.craftItem.tconstruct.materials":107,"stat.pickup.minecraft.log2":670,"stat.pickup.mysticalagriculture.crafting":7,"stat.pickup.minecraft.reeds":7,"stat.pickup.minecraft.wheat_seeds":1,"stat.mineBlock.minecraft.gravel":335,"stat.useItem.minecraft.stone_pickaxe":635,"stat.sleepInBed":2,"stat.useItem.minecraft.crafting_table":3,"stat.mineBlock.minecraft.dirt":152,"stat.craftItem.minecraft.stone_shovel":2,"stat.walkOneCm":106367,"stat.pickup.tconstruct.pattern":17,"stat.pickup.immersiveengineering.seed":5,"stat.useItem.minecraft.torch":5,"stat.useItem.minecraft.chest":10,"stat.craftItem.tconstruct.smeltery_io":1,"stat.craftItem.minecraft.stone_stairs":40,"stat.pickup.minecraft.clay_ball":555,"stat.pickup.mekanism.oreblock":4,"stat.useItem.minecraft.cobblestone":8,"stat.craftItem.minecraft.crafting_table":3,"stat.mineBlock.minecraft.double_plant":1,"stat.pickup.minecraft.log":8,"stat.pickup.harvestcraft.spiceleafitem":1,"stat.pickup.minecraft.stone":361,"stat.pickup.minecraft.sapling":21,"stat.pickup.minecraft.apple":6,"stat.craftItem.tconstruct.smeltery_controller":1,"stat.craftItem.minecraft.planks":224,"stat.mineBlock.minecraft.log":4,"stat.mineBlock.minecraft.leaves":139,"stat.pickup.minecraft.torch":6,"stat.sneakTime":984,"stat.mineBlock.minecraft.stone":601,"stat.pickup.minecraft.chest":2}