{"stat.chestOpened":55,"stat.cakeSlicesEaten":3,"stat.pickup.tconstruct.tooltables":6,"stat.pickup.draconicevolution.draconium_dust":6,"stat.leaveGame":2,"stat.craftItem.mekanism.machineblock":1,"stat.mineBlock.minecraft.cobblestone":4,"stat.pickup.minecraft.obsidian":114,"stat.mineBlock.mysticalagriculture.inferium_ore":3,"stat.pickup.tconstruct.sharpening_kit":1,"stat.craftItem.minecraft.coal":32,"stat.mineBlock.appliedenergistics2.quartz_ore":2,"stat.jump":172,"stat.swimOneCm":1048,"stat.pickup.minecraft.coal":181,"stat.fallOneCm":6622,"stat.mineBlock.immersiveengineering.ore":3,"stat.crouchOneCm":210,"stat.craftItem.minecraft.torch":96,"stat.pickup.minecraft.dirt":1,"stat.useItem.minecraft.stone_slab2":12,"stat.useItem.minecraft.water_bucket":6,"stat.craftingTableInteraction":12,"stat.pickup.minecraft.iron_ore":35,"stat.craftItem.minecraft.furnace":3,"stat.pickup.thermalfoundation.ore":23,"stat.pickup.minecraft.gold_ore":18,"stat.mineBlock.tconstruct.tooltables":1,"stat.craftItem.thermalexpansion.satchel":2,"stat.craftItem.tconstruct.pattern":24,"stat.damageTaken":380,"stat.mineBlock.minecraft.torch":1,"stat.mineBlock.minecraft.obsidian":114,"stat.craftItem.tconstruct.materials":64,"stat.pickup.minecraft.cobblestone":835,"stat.pickup.mysticalagriculture.crafting":7,"stat.pickup.minecraft.dye":27,"stat.flyOneCm":6595,"stat.pickup.appliedenergistics2.material":6,"stat.useItem.minecraft.cooked_beef":16,"stat.useItem.minecraft.stone_sword":6,"stat.damageDealt":179,"stat.pickup.minecraft.redstone":402,"stat.mineBlock.minecraft.iron_ore":43,"stat.sleepInBed":2,"stat.timeSinceDeath":62406,"stat.mineBlock.minecraft.dirt":1,"stat.pickup.thermalexpansion.satchel":2,"stat.pickup.mekanismgenerators.generator":2,"stat.mineBlock.mekanismgenerators.generator":2,"stat.walkOneCm":243785,"stat.pickup.tconstruct.pattern":1,"stat.useItem.minecraft.torch":23,"stat.mineBlock.thermalfoundation.ore":23,"stat.pickup.mekanism.oreblock":19,"stat.useItem.minecraft.cobblestone":34,"stat.mineBlock.draconicevolution.draconium_ore":1,"stat.furnaceInteraction":17,"stat.pickup.tconstruct.pickaxe":3,"stat.mineBlock.minecraft.coal_ore":144,"stat.drop.thermalexpansion.satchel":1,"stat.pickup.minecraft.string":2,"stat.pickup.mekanism.machineblock":1,"stat.useItem.tconstruct.pickaxe":861,"stat.craftItem.mekanismgenerators.generator":1,"stat.craftItem.minecraft.stone_slab2":0,"stat.pickup.minecraft.stone":40,"stat.craftItem.tconstruct.tooltables":1,"stat.sprintOneCm":17160,"stat.craftItem.minecraft.stick":24,"stat.mineBlock.mekanism.oreblock":19,"stat.mineBlock.minecraft.diamond_ore":21,"stat.killEntity.Spider":1,"stat.mobKills":1,"stat.mineBlock.mekanism.machineblock":1,"stat.drop":1,"stat.pickup.minecraft.diamond":38,"stat.playOneMinute":62406,"stat.pickup.minecraft.torch":65,"stat.mineBlock.minecraft.redstone_ore":85,"stat.sneakTime":342,"stat.pickup.tconstruct.mattock":1,"stat.mineBlock.minecraft.stone":522,"stat.mineBlock.minecraft.gold_ore":18}