{"stat.pickup.tconstruct.book":2,"stat.mineBlock.tconstruct.seared_tank":4,"stat.pickup.draconicevolution.draconium_dust":4,"stat.leaveGame":3,"stat.pickup.mekanism.machineblock2":12,"stat.useItem.projecte.item.pe_volcanite_amulet":102,"stat.pickup.tconstruct.edible":576,"stat.killEntity.Blaze":9,"stat.pickup.minecraft.lapis_block":9,"stat.mineBlock.tconstruct.channel":14,"stat.pickup.gravestone.death_info":4,"stat.killEntity.PigZombie":30,"stat.useItem.harvestcraft.chilipepperseeditem":1,"stat.useItem.minecraft.mutton":4,"stat.drop.tconstruct.pickaxe":4,"stat.craftItem.minecraft.stone_pressure_plate":1,"stat.pickup.minecraft.glowstone_dust":38,"stat.mineBlock.immersiveengineering.ore":2,"stat.entityKilledBy.PigZombie":2,"stat.pickup.minecraft.porkchop":7,"stat.mineBlock.gravestone.gravestone":3,"stat.pickup.harvestcraft.calamarirawitem":8,"stat.useItem.minecraft.water_bucket":5,"stat.pickup.minecraft.rotten_flesh":36,"stat.pickup.minecraft.sand":139,"stat.useItem.plustic.katana":21,"stat.craftItem.tconstruct.casting":5,"stat.useItem.mekanism.configurator":14,"stat.pickup.minecraft.brown_mushroom":1,"stat.mineBlock.minecraft.sand":139,"stat.useItem.harvestcraft.roastpotatoesitem":1,"stat.craftItem.minecraft.slime":1,"stat.pickup.tconstruct.slime_sapling":33,"stat.craftItem.projecte.item.pe_covalence_dust":120,"stat.useItem.harvestcraft.peasseeditem":5,"stat.craftItem.minecraft.iron_door":3,"stat.useItem.tconstruct.channel":4,"stat.pickup.thermalexpansion.satchel":3,"stat.pickup.mekanismgenerators.generator":15,"stat.mineBlock.mysticalagriculture.soulstone":7,"stat.trappedChestTriggered":25,"stat.drop.gravestone.death_info":4,"stat.pickup.harvestcraft.onionitem":18,"stat.pickup.mekanismtools.glowstoneboots":5,"stat.furnaceInteraction":50,"stat.mineBlock.tconstruct.slime_channel":9,"stat.pickup.harvestcraft.cornitem":15,"stat.pickup.tconstruct.cleaver":7,"stat.craftItem.thermalfoundation.material":27,"stat.mineBlock.minecraft.lapis_block":9,"stat.pickup.harvestcraft.turnipitem":6,"stat.craftItem.harvestcraft.peasseeditem":5,"stat.pickup.minecraft.beef":19,"stat.pickup.minecraft.furnace":4,"stat.mineBlock.tcomplement.melter":3,"stat.pickup.minecraft.skull":14,"stat.mineBlock.tconstruct.ore":23,"stat.useItem.minecraft.flint_and_steel":1,"stat.useItem.minecraft.wheat_seeds":32,"stat.pickup.projecte.interdiction_torch":2,"stat.pickup.tconstruct.slime_dirt":1164,"stat.useItem.minecraft.lingering_potion":2,"stat.useItem.harvestcraft.deluxechickencurryitem":15,"stat.mineBlock.minecraft.soul_sand":3,"stat.useItem.minecraft.dye":65,"stat.deaths":8,"stat.useItem.tconstruct.smeltery_io":5,"stat.pickup.minecraft.egg":1,"stat.playOneMinute":445212,"stat.pickup.minecraft.blaze_rod":4,"stat.mineBlock.projecte.interdiction_torch":2,"stat.pickup.mekanism.energycube":1,"stat.pickup.tconstruct.mattock":5,"stat.mineBlock.minecraft.tallgrass":59,"stat.pickup.minecraft.netherrack":1373,"stat.pickup.tconstruct.seared":7,"stat.pickup.harvestcraft.cottonitem":33,"stat.chestOpened":516,"stat.useItem.minecraft.splash_potion":2,"stat.mineBlock.mekanism.machineblock2":10,"stat.useItem.minecraft.stone":5,"stat.pickup.tconstruct.casting":7,"stat.mineBlock.minecraft.netherrack":1021,"stat.pickup.minecraft.arrow":11,"stat.pickup.harvestcraft.waterchestnutitem":12,"stat.killEntity.Ghast":1,"stat.craftItem.harvestcraft.mixingbowlitem":1,"stat.pickup.minecraft.gold_nugget":27,"stat.pickup.harvestcraft.chilipepperitem":24,"stat.craftItem.minecraft.coal":1,"stat.fallOneCm":47451,"stat.pickup.minecraft.carrot":43,"stat.crouchOneCm":15347,"stat.craftItem.minecraft.iron_ingot":117,"stat.craftItem.minecraft.chest":32,"stat.pickup.mekanismtools.osmiumchestplate":4,"stat.craftingTableInteraction":36,"stat.useItem.harvestcraft.cactusfruitjuiceitem":1,"stat.craftItem.harvestcraft.freshwateritem":39,"stat.pickup.tconstruct.slime_channel":9,"stat.craftItem.tconstruct.pattern":256,"stat.mineBlock.minecraft.log2":348,"stat.pickup.minecraft.feather":2,"stat.useItem.minecraft.furnace":3,"stat.craftItem.tconstruct.materials":84,"stat.pickup.tconstruct.channel":14,"stat.pickup.minecraft.dye":32,"stat.pickup.minecraft.planks":25,"stat.pickup.minecraft.wheat_seeds":183,"stat.mineBlock.minecraft.gravel":97,"stat.craftItem.tconstruct.slime_congealed":64,"stat.mineBlock.minecraft.dirt":74,"stat.pickup.minecraft.poisonous_potato":1,"stat.useItem.minecraft.torch":11,"stat.pickup.immersiveengineering.seed":2,"stat.mineBlock.mekanism.saltblock":161,"stat.useItem.minecraft.cobblestone":52,"stat.mineBlock.draconicevolution.draconium_ore":1,"stat.mineBlock.minecraft.double_plant":2,"stat.pickup.tconstruct.pickaxe":8,"stat.pickup.harvestcraft.peasitem":114,"stat.pickup.minecraft.log":21,"stat.pickup.mekanism.machineblock":2,"stat.useItem.tconstruct.pickaxe":5621,"stat.craftItem.minecraft.stone_button":1,"stat.useItem.harvestcraft.potatocakesitem":1,"stat.craftItem.harvestcraft.bakewareitem":1,"stat.craftItem.minecraft.gold_ingot":36,"stat.pickup.minecraft.chicken":4,"stat.pickup.minecraft.sapling":12,"stat.pickup.minecraft.apple":2,"stat.pickup.harvestcraft.parsnipitem":8,"stat.craftItem.minecraft.bucket":2,"stat.craftItem.minecraft.planks":616,"stat.mineBlock.tconstruct.slime_grass":667,"stat.mineBlock.minecraft.log":21,"stat.pickup.minecraft.golden_sword":2,"stat.mineBlock.mekanism.machineblock":2,"stat.pickup.mekanismtools.glowstonesword":2,"stat.sneakTime":7322,"stat.pickup.minecraft.wool":36,"stat.pickup.minecraft.yellow_flower":1,"stat.cakeSlicesEaten":18,"stat.pickup.immersiveengineering.ore":5,"stat.pickup.harvestcraft.deluxechickencurryitem":109,"stat.pickup.minecraft.bone":4,"stat.useItem.thermalexpansion.reservoir":90,"stat.mineBlock.minecraft.cobblestone":3,"stat.craftItem.tconstruct.edible":460,"stat.useItem.tconstruct.mattock":1031,"stat.pickup.minecraft.flint":8,"stat.mineBlock.minecraft.yellow_flower":1,"stat.craftItem.tconstruct.faucet":5,"stat.mineBlock.appliedenergistics2.quartz_ore":4,"stat.swimOneCm":42147,"stat.pickup.harvestcraft.artichokeitem":8,"stat.climbOneCm":856,"stat.pickup.tconstruct.arrow":2,"stat.craftItem.projecte.alchemical_chest":2,"stat.mineBlock.mekanism.energycube":1,"stat.pickup.mekanismtools.steelleggings":5,"stat.useItem.minecraft.obsidian":10,"stat.useItem.minecraft.stone_slab2":140,"stat.pickup.forge.bucketfilled":1,"stat.useItem.tconstruct.cleaver":18,"stat.mineBlock.tconstruct.slime_vine_purple_end":3,"stat.pickup.thermalfoundation.ore":29,"stat.pickup.minecraft.cobblestone":3031,"stat.mineBlock.minecraft.clay":1,"stat.flyOneCm":468207,"stat.useItem.harvestcraft.deluxecheeseburgeritem":1,"stat.pickup.minecraft.soul_sand":3,"stat.pickup.appliedenergistics2.material":7,"stat.pickup.minecraft.redstone":95,"stat.useItem.mekanism.transmitter":23,"stat.mineBlock.minecraft.iron_ore":30,"stat.craftItem.tconstruct.slime_channel":15,"stat.timeSinceDeath":12800,"stat.pickup.minecraft.mutton":53,"stat.useItem.minecraft.iron_door":1,"stat.mineBlock.mekanismgenerators.generator":15,"stat.pickup.harvestcraft.whitemushroomitem":10,"stat.drop.tconstruct.tooltables":6,"stat.useItem.minecraft.potato":53,"stat.craftItem.tconstruct.seared":2,"stat.mineBlock.thermalfoundation.ore":29,"stat.drop.minecraft.dirt":2,"stat.pickup.mekanism.salt":644,"stat.craftItem.projecte.item.pe_philosophers_stone":1,"stat.mineBlock.minecraft.coal_ore":87,"stat.killEntity.Creeper":7,"stat.craftItem.tconstruct.soil":232,"stat.drop.thermalexpansion.satchel":2,"stat.pickup.minecraft.string":8,"stat.drop.minecraft.bedrock":1,"stat.pickup.tconstruct.smeltery_controller":5,"stat.craftItem.minecraft.stone_slab2":1,"stat.killEntity.Squid":4,"stat.sprintOneCm":365684,"stat.craftItem.minecraft.stick":216,"stat.mineBlock.mekanism.oreblock":7,"stat.useItem.harvestcraft.tunapotatoitem":1,"stat.craftItem.tconstruct.ingots":153,"stat.craftItem.minecraft.stone":21,"stat.drop.tconstruct.cleaver":1,"stat.pickup.harvestcraft.barleyitem":16,"stat.craftItem.globalxp.xp_block":1,"stat.useItem.harvestcraft.shepardspieitem":2,"stat.useItem.tconstruct.casting":5,"stat.entityKilledBy.tconstruct.blueslime":1,"stat.useItem.minecraft.carrot":25,"stat.entityKilledBy.Creeper":1,"stat.pickup.harvestcraft.mustardseedsitem":23,"stat.drop":22,"stat.pickup.tconstruct.ore":37,"stat.killEntity.Sheep":37,"stat.mineBlock.mysticalagriculture.prosperity_ore":4,"stat.useItem.minecraft.ladder":2,"stat.useItem.tconstruct.seared":73,"stat.pickup.minecraft.slime_ball":93,"stat.craftItem.minecraft.emerald":5,"stat.drop.tconstruct.mattock":1,"stat.mineBlock.mysticalagriculture.nether_inferium_ore":13,"stat.pickup.mekanismtools.steelboots":1,"stat.killEntity.Zombie":12,"stat.pickup.enderpay.blank_banknote":1,"stat.craftItem.minecraft.dye":84,"stat.mineBlock.minecraft.gold_ore":6,"stat.diveOneCm":37827,"stat.craftItem.minecraft.slime_ball":53,"stat.pickup.harvestcraft.garlicitem":2,"stat.pickup.minecraft.wheat":191,"stat.pickup.tconstruct.tooltables":2,"stat.craftItem.minecraft.ladder":12,"stat.pickup.minecraft.gravel":91,"stat.pickup.mekanismtools.osmiumleggings":1,"stat.useItem.harvestcraft.hotwingsitem":1,"stat.craftItem.projecte.condenser_mk1":1,"stat.killEntity.Slime":3,"stat.mineBlock.tconstruct.smeltery_controller":5,"stat.mineBlock.tconstruct.slime_leaves":308,"stat.useItem.harvestcraft.deluxenachoesitem":1,"stat.pickup.tconstruct.sharpening_kit":6,"stat.pickup.harvestcraft.blackberryitem":3,"stat.jump":1564,"stat.pickup.minecraft.coal":142,"stat.pickup.tconstruct.seared_tank":4,"stat.drop.tconstruct.pattern":1,"stat.pickup.minecraft.gunpowder":9,"stat.pickup.harvestcraft.peanutitem":7,"stat.pickup.minecraft.spider_eye":4,"stat.pickup.minecraft.dirt":71,"stat.craftItem.harvestcraft.shepardspieitem":3,"stat.useItem.minecraft.cooked_chicken":7,"stat.pickup.minecraft.iron_ore":38,"stat.pickup.tconstruct.slime_congealed":403,"stat.pickup.minecraft.gold_ore":6,"stat.mineBlock.minecraft.lapis_ore":4,"stat.craftItem.minecraft.flint_and_steel":1,"stat.useItem.tconstruct.slime_channel":6,"stat.mineBlock.tconstruct.tooltables":2,"stat.mineBlock.minecraft.leaves2":212,"stat.damageTaken":5163,"stat.craftItem.minecraft.iron_bars":16,"stat.pickup.minecraft.leather":7,"stat.craftItem.harvestcraft.chilipepperseeditem":4,"stat.mineBlock.minecraft.torch":2,"stat.mineBlock.minecraft.furnace":4,"stat.pickup.minecraft.log2":348,"stat.pickup.projecte.item.pe_alchemical_bag":4,"stat.pickup.mysticalagriculture.crafting":144,"stat.pickup.minecraft.reeds":6,"stat.pickup.minecraft.bed":3,"stat.pickup.tconstruct.ingots":25,"stat.pickup.tconstruct.materials":64,"stat.pickup.minecraft.potato":92,"stat.useItem.forge.bucketfilled":2,"stat.pickup.thermalexpansion.reservoir":4,"stat.craftItem.harvestcraft.doughitem":13,"stat.damageDealt":14904,"stat.sleepInBed":3,"stat.pickup.harvestcraft.lettuceitem":9,"stat.killEntity.Cow":9,"stat.mineBlock.mysticalagriculture.nether_prosperity_ore":5,"stat.killEntity.Pig":4,"stat.walkOneCm":834848,"stat.craftItem.tconstruct.smeltery_io":6,"stat.useItem.minecraft.chest":12,"stat.pickup.tcomplement.melter":3,"stat.pickup.mekanism.oreblock":7,"stat.pickup.minecraft.clay_ball":4,"stat.craftItem.harvestcraft.flouritem":64,"stat.useItem.tconstruct.faucet":3,"stat.craftItem.harvestcraft.mortarandpestleitem":1,"stat.pickup.harvestcraft.spiceleafitem":14,"stat.pickup.minecraft.stone":110,"stat.useItem.minecraft.netherrack":75,"stat.killEntity.Skeleton":3,"stat.killEntity.Chicken":4,"stat.pickup.harvestcraft.cucumberitem":6,"stat.killEntity.Spider":7,"stat.pickup.harvestcraft.strawberryitem":3,"stat.pickup.tconstruct.longbow":2,"stat.mineBlock.minecraft.quartz_ore":306,"stat.craftItem.minecraft.tnt":3,"stat.mineBlock.minecraft.glowstone":13,"stat.mobKills":133,"stat.pickup.minecraft.quartz":432,"stat.pickup.mysticalagriculture.soulstone":7,"stat.mineBlock.minecraft.leaves":127,"stat.useItem.tconstruct.longbow":21,"stat.pickup.minecraft.torch":70,"stat.mineBlock.tconstruct.seared":7,"stat.mineBlock.minecraft.redstone_ore":18,"stat.mineBlock.tconstruct.casting":7,"stat.mineBlock.minecraft.stone":4463}